{
  "q_table": [
    82.60701, 90.99994, 82.60701, 90.99994, 90.99994, 99.99997, 82.60701,
    82.60701, 82.60701, 90.99994, 90.99994, 82.60701, 82.60701, 9.707054,
    90.99994, 99.99997, 0.0, 0.0, 0.0, 0.0, 82.60701, 9.707054, 99.99997,
    90.99994, 90.99994, 9.707054, 9.707054, 9.999947, 99.99997, 9.999947,
    9.707054, 9.707054, 90.99994, 9.707054, 9.999947, 9.707054
  ],
  "epsilon": 0.05,
  "alpha": 0.1,
  "gamma": 0.9,
  "state_space": [3, 3],
  "state_space_size": 9,
  "action_space": [4],
  "action_space_size": 4
}
